<?xml version="1.0" encoding="UTF-8"?>
<project-private xmlns="http://www.netbeans.org/ns/project-private/1">
    <editor-bookmarks xmlns="http://www.netbeans.org/ns/editor-bookmarks/2" lastBookmarkId="1">
        <file>
            <url>src/jp/synthtarou/midimixer/libs/midi/port/MXMIDIInForPlayer.java</url>
            <bookmark id="1">
                <name/>
                <line>291</line>
                <key/>
            </bookmark>
        </file>
    </editor-bookmarks>
    <open-files xmlns="http://www.netbeans.org/ns/projectui-open-files/2">
        <group>
            <file>file:/C:/github/mixrecipe/src/jp/synthtarou/midimixer/libs/swing/MXSwingFolderBrowser.java</file>
            <file>file:/C:/github/mixrecipe/src/jp/synthtarou/midimixer/libs/swing/MXModalFrame.java</file>
        </group>
    </open-files>
</project-private>
